451224120	runs/e7restart-oracle-repeat-r2-s11-20260911-083022/checkpoints/iter_0000499_hf/model-00002-of-00002.safetensors
536873656	runs/e7restart-oracle-repeat-r2-s11-20260911-083022/checkpoints/iter_0000499_hf/model-00001-of-00002.safetensors
451224120	runs/e7restart-pilot-b6-s37-20260911-032711/checkpoints/iter_0000499_hf/model-00002-of-00002.safetensors
536873656	runs/e7restart-pilot-b6-s37-20260911-032711/checkpoints/iter_0000499_hf/model-00001-of-00002.safetensors
493621396	runs/formal-E7-clean-rewardtxn-0.5B-4gpu-s101-20260904-093948/checkpoints/iter_0000499/__0_1.distcp
494912288	runs/formal-E7-clean-rewardtxn-0.5B-4gpu-s101-20260904-093948/checkpoints/iter_0000499/__0_0.distcp
493621396	runs/formal-E7-clean-rewardtxn-0.5B-4gpu-s101-20260904-093948/checkpoints/iter_0000399/__0_1.distcp
494912288	runs/formal-E7-clean-rewardtxn-0.5B-4gpu-s101-20260904-093948/checkpoints/iter_0000399/__0_0.distcp
493621396	runs/formal-E7-clean-rewardtxn-0.5B-4gpu-s101-20260904-093948/checkpoints/iter_0000449/__0_1.distcp
494912288	runs/formal-E7-clean-rewardtxn-0.5B-4gpu-s101-20260904-093948/checkpoints/iter_0000449/__0_0.distcp
451224120	runs/formal-E7-clean-rewardtxn-0.5B-4gpu-s101-20260904-093948/checkpoints/iter_0000499_hf/model-00002-of-00002.safetensors
536873656	runs/formal-E7-clean-rewardtxn-0.5B-4gpu-s101-20260904-093948/checkpoints/iter_0000499_hf/model-00001-of-00002.safetensors
451224120	runs/e7restart-pilot-b6-s23-20260911-032711/checkpoints/iter_0000499_hf/model-00002-of-00002.safetensors
536873656	runs/e7restart-pilot-b6-s23-20260911-032711/checkpoints/iter_0000499_hf/model-00001-of-00002.safetensors
451224120	runs/e7restart-pilot-group_rm-s23-20260910-222540/checkpoints/iter_0000499_hf/model-00002-of-00002.safetensors
536873656	runs/e7restart-pilot-group_rm-s23-20260910-222540/checkpoints/iter_0000499_hf/model-00001-of-00002.safetensors
493621396	runs/formal-E7-clean-rewardtxn-0.5B-4gpu-s42-20260903-194500/checkpoints/iter_0000499/__0_1.distcp
494912288	runs/formal-E7-clean-rewardtxn-0.5B-4gpu-s42-20260903-194500/checkpoints/iter_0000499/__0_0.distcp
494912288	runs/formal-E7-clean-rewardtxn-0.5B-4gpu-s42-20260903-194500/checkpoints/iter_0000399/__0_0.distcp
493621396	runs/formal-E7-clean-rewardtxn-0.5B-4gpu-s42-20260903-194500/checkpoints/iter_0000449/__0_1.distcp
494912288	runs/formal-E7-clean-rewardtxn-0.5B-4gpu-s42-20260903-194500/checkpoints/iter_0000449/__0_0.distcp
451224120	runs/formal-E7-clean-rewardtxn-0.5B-4gpu-s42-20260903-194500/checkpoints/iter_0000499_hf/model-00002-of-00002.safetensors
536873656	runs/formal-E7-clean-rewardtxn-0.5B-4gpu-s42-20260903-194500/checkpoints/iter_0000499_hf/model-00001-of-00002.safetensors
493621460	runs/diagnosis-E7-D3-rewardtxn-s29-20260910/checkpoints/iter_0000499/__0_1.distcp
494912288	runs/diagnosis-E7-D3-rewardtxn-s29-20260910/checkpoints/iter_0000499/__0_0.distcp
451224120	runs/diagnosis-E7-D3-rewardtxn-s29-20260910/checkpoints/iter_0000499_hf/model-00002-of-00002.safetensors
536873656	runs/diagnosis-E7-D3-rewardtxn-s29-20260910/checkpoints/iter_0000499_hf/model-00001-of-00002.safetensors
451224120	runs/e7restart-pilot-b6-s11-20260911-032711/checkpoints/iter_0000499_hf/model-00002-of-00002.safetensors
536873656	runs/e7restart-pilot-b6-s11-20260911-032711/checkpoints/iter_0000499_hf/model-00001-of-00002.safetensors
451224120	runs/formal-E7-clean-rewardtxn-0.5B-4gpu-s29-20260903-194500/checkpoints/iter_0000449_hf/model-00002-of-00002.safetensors
536873656	runs/formal-E7-clean-rewardtxn-0.5B-4gpu-s29-20260903-194500/checkpoints/iter_0000449_hf/model-00001-of-00002.safetensors
451224120	runs/e7restart-pilot-b6-s37-20260910-222540/checkpoints/iter_0000499_hf/model-00002-of-00002.safetensors
536873656	runs/e7restart-pilot-b6-s37-20260910-222540/checkpoints/iter_0000499_hf/model-00001-of-00002.safetensors
3458793095	runs/verify-e7-patch3-0.5B-4gpu-s29-20260903-193233/checkpoints/iter_0000059/__0_1.distcp
3458942434	runs/verify-e7-patch3-0.5B-4gpu-s29-20260903-193233/checkpoints/iter_0000059/__0_0.distcp
493621460	runs/formal-E7-clean-rewardtxn-0.5B-4gpu-s29-20260903-194500/checkpoints/iter_0000499/__0_1.distcp
494912288	runs/formal-E7-clean-rewardtxn-0.5B-4gpu-s29-20260903-194500/checkpoints/iter_0000499/__0_0.distcp
493621460	runs/formal-E7-clean-rewardtxn-0.5B-4gpu-s29-20260903-194500/checkpoints/iter_0000399/__0_1.distcp
494912288	runs/formal-E7-clean-rewardtxn-0.5B-4gpu-s29-20260903-194500/checkpoints/iter_0000399/__0_0.distcp
493621460	runs/formal-E7-clean-rewardtxn-0.5B-4gpu-s29-20260903-194500/checkpoints/iter_0000449/__0_1.distcp
494912288	runs/formal-E7-clean-rewardtxn-0.5B-4gpu-s29-20260903-194500/checkpoints/iter_0000449/__0_0.distcp
451224120	runs/formal-E7-clean-rewardtxn-0.5B-4gpu-s29-20260903-194500/checkpoints/iter_0000499_hf/model-00002-of-00002.safetensors
536873656	runs/formal-E7-clean-rewardtxn-0.5B-4gpu-s29-20260903-194500/checkpoints/iter_0000499_hf/model-00001-of-00002.safetensors
451224120	runs/e7restart-oracle-repeat-r1-s11-20260911-083022/checkpoints/iter_0000499_hf/model-00002-of-00002.safetensors
536873656	runs/e7restart-oracle-repeat-r1-s11-20260911-083022/checkpoints/iter_0000499_hf/model-00001-of-00002.safetensors
451224120	runs/e7restart-pilot-group_rm-s11-20260910-222540/checkpoints/iter_0000499_hf/model-00002-of-00002.safetensors
536873656	runs/e7restart-pilot-group_rm-s11-20260910-222540/checkpoints/iter_0000499_hf/model-00001-of-00002.safetensors
451224120	runs/e7restart-pilot-b6-s11-20260910-222540/checkpoints/iter_0000499_hf/model-00002-of-00002.safetensors
536873656	runs/e7restart-pilot-b6-s11-20260910-222540/checkpoints/iter_0000499_hf/model-00001-of-00002.safetensors
493621460	runs/formal-E7-clean-oracle-0.5B-4gpu-s29-20260903-165500/checkpoints/iter_0000099/__0_1.distcp
494912288	runs/formal-E7-clean-oracle-0.5B-4gpu-s29-20260903-165500/checkpoints/iter_0000099/__0_0.distcp
493621460	runs/formal-E7-clean-oracle-0.5B-4gpu-s29-20260903-165500/checkpoints/iter_0000149/__0_1.distcp
494912288	runs/formal-E7-clean-oracle-0.5B-4gpu-s29-20260903-165500/checkpoints/iter_0000149/__0_0.distcp
451224120	runs/formal-E7-clean-oracle-0.5B-4gpu-s42-20260903-194500/checkpoints/iter_0000499_hf/model-00002-of-00002.safetensors
536873656	runs/formal-E7-clean-oracle-0.5B-4gpu-s42-20260903-194500/checkpoints/iter_0000499_hf/model-00001-of-00002.safetensors
536873656	runs/formal-E7-clean-rewardtxn-0.5B-4gpu-s73-20260904-093948/checkpoints/iter_0000499_hf/model-00001-of-00002.safetensors
493621396	runs/formal-E7-clean-rewardtxn-0.5B-4gpu-s73-20260904-093948/checkpoints/iter_0000499/__0_1.distcp
494912288	runs/formal-E7-clean-rewardtxn-0.5B-4gpu-s73-20260904-093948/checkpoints/iter_0000499/__0_0.distcp
451224120	runs/formal-E7-clean-rewardtxn-0.5B-4gpu-s73-20260904-093948/checkpoints/iter_0000499_hf/model-00002-of-00002.safetensors
493621396	runs/formal-E7-clean-rewardtxn-0.5B-4gpu-s73-20260904-093948/checkpoints/iter_0000399/__0_1.distcp
494912288	runs/formal-E7-clean-rewardtxn-0.5B-4gpu-s73-20260904-093948/checkpoints/iter_0000399/__0_0.distcp
493621396	runs/formal-E7-clean-rewardtxn-0.5B-4gpu-s73-20260904-093948/checkpoints/iter_0000449/__0_1.distcp
494912288	runs/formal-E7-clean-rewardtxn-0.5B-4gpu-s73-20260904-093948/checkpoints/iter_0000449/__0_0.distcp
493621396	runs/formal-E7-clean-oracle-0.5B-4gpu-s42-20260903-194500/checkpoints/iter_0000499/__0_1.distcp
494912288	runs/formal-E7-clean-oracle-0.5B-4gpu-s42-20260903-194500/checkpoints/iter_0000499/__0_0.distcp
493621396	runs/formal-E7-clean-oracle-0.5B-4gpu-s42-20260903-194500/checkpoints/iter_0000449/__0_1.distcp
494912288	runs/formal-E7-clean-oracle-0.5B-4gpu-s42-20260903-194500/checkpoints/iter_0000449/__0_0.distcp
451224120	runs/e7restart-pilot-group_rm-s23-20260911-032711/checkpoints/iter_0000499_hf/model-00002-of-00002.safetensors
536873656	runs/e7restart-pilot-group_rm-s23-20260911-032711/checkpoints/iter_0000499_hf/model-00001-of-00002.safetensors
451224120	runs/e7restart-pilot-group_rm-s37-20260910-222540/checkpoints/iter_0000499_hf/model-00002-of-00002.safetensors
536873656	runs/e7restart-pilot-group_rm-s37-20260910-222540/checkpoints/iter_0000499_hf/model-00001-of-00002.safetensors
451224120	runs/formal-E7-clean-oracle-0.5B-4gpu-s29-20260903-194500/checkpoints/iter_0000449_hf/model-00002-of-00002.safetensors
536873656	runs/formal-E7-clean-oracle-0.5B-4gpu-s29-20260903-194500/checkpoints/iter_0000449_hf/model-00001-of-00002.safetensors
493621460	runs/formal-E7-clean-oracle-0.5B-4gpu-s29-20260903-194500/checkpoints/iter_0000499/__0_1.distcp
494912288	runs/formal-E7-clean-oracle-0.5B-4gpu-s29-20260903-194500/checkpoints/iter_0000499/__0_0.distcp
493621460	runs/formal-E7-clean-oracle-0.5B-4gpu-s29-20260903-194500/checkpoints/iter_0000449/__0_1.distcp
494912288	runs/formal-E7-clean-oracle-0.5B-4gpu-s29-20260903-194500/checkpoints/iter_0000449/__0_0.distcp
494912288	runs/formal-E7-clean-oracle-0.5B-4gpu-s73-20260904-093948/checkpoints/iter_0000449/__0_0.distcp
493621396	runs/formal-E7-clean-oracle-0.5B-4gpu-s73-20260904-093948/checkpoints/iter_0000449/__0_1.distcp
494912288	runs/formal-E7-clean-oracle-0.5B-4gpu-s73-20260904-093948/checkpoints/iter_0000499/__0_0.distcp
451224120	runs/formal-E7-clean-oracle-0.5B-4gpu-s29-20260903-194500/checkpoints/iter_0000499_hf/model-00002-of-00002.safetensors
536873656	runs/formal-E7-clean-oracle-0.5B-4gpu-s29-20260903-194500/checkpoints/iter_0000499_hf/model-00001-of-00002.safetensors
493621396	runs/formal-E7-clean-oracle-0.5B-4gpu-s73-20260904-093948/checkpoints/iter_0000499/__0_1.distcp
493621396	runs/formal-E7-clean-oracle-0.5B-4gpu-s101-20260904-093948/checkpoints/iter_0000499/__0_1.distcp
494912288	runs/formal-E7-clean-oracle-0.5B-4gpu-s101-20260904-093948/checkpoints/iter_0000499/__0_0.distcp
493621396	runs/formal-E7-clean-oracle-0.5B-4gpu-s101-20260904-093948/checkpoints/iter_0000399/__0_1.distcp
494912288	runs/formal-E7-clean-oracle-0.5B-4gpu-s101-20260904-093948/checkpoints/iter_0000399/__0_0.distcp
536873656	runs/formal-E7-clean-oracle-0.5B-4gpu-s101-20260904-093948/checkpoints/iter_0000499_hf/model-00001-of-00002.safetensors
451224120	runs/formal-E7-clean-oracle-0.5B-4gpu-s73-20260904-093948/checkpoints/iter_0000499_hf/model-00002-of-00002.safetensors
536873656	runs/formal-E7-clean-oracle-0.5B-4gpu-s73-20260904-093948/checkpoints/iter_0000499_hf/model-00001-of-00002.safetensors
493621396	runs/formal-E7-clean-oracle-0.5B-4gpu-s101-20260904-093948/checkpoints/iter_0000449/__0_1.distcp
494912288	runs/formal-E7-clean-oracle-0.5B-4gpu-s101-20260904-093948/checkpoints/iter_0000449/__0_0.distcp
451224120	runs/formal-E7-clean-oracle-0.5B-4gpu-s101-20260904-093948/checkpoints/iter_0000499_hf/model-00002-of-00002.safetensors
451224120	runs/e7restart-pilot-group_rm-s37-20260911-032711/checkpoints/iter_0000499_hf/model-00002-of-00002.safetensors
536873656	runs/e7restart-pilot-group_rm-s37-20260911-032711/checkpoints/iter_0000499_hf/model-00001-of-00002.safetensors
493621460	runs/diagnosis-E7-D3-oracle-s29-20260910/checkpoints/iter_0000499/__0_1.distcp
494912288	runs/diagnosis-E7-D3-oracle-s29-20260910/checkpoints/iter_0000499/__0_0.distcp
451224120	runs/diagnosis-E7-D3-oracle-s29-20260910/checkpoints/iter_0000499_hf/model-00002-of-00002.safetensors
536873656	runs/diagnosis-E7-D3-oracle-s29-20260910/checkpoints/iter_0000499_hf/model-00001-of-00002.safetensors
451224120	runs/e7restart-pilot-b6-s23-20260910-222540/checkpoints/iter_0000499_hf/model-00002-of-00002.safetensors
536873656	runs/e7restart-pilot-b6-s23-20260910-222540/checkpoints/iter_0000499_hf/model-00001-of-00002.safetensors
451224120	runs/e7restart-pilot-group_rm-s11-20260911-032711/checkpoints/iter_0000499_hf/model-00002-of-00002.safetensors
536873656	runs/e7restart-pilot-group_rm-s11-20260911-032711/checkpoints/iter_0000499_hf/model-00001-of-00002.safetensors
536873656	/home/caiyiwen-rewardtxn-results/sqlite-s191-0913/runs/recover2-02-R-s191/checkpoints/iter_0000049_hf/model-00001-of-00002.safetensors
494912288	/home/caiyiwen-rewardtxn-results/sqlite-s191-0913/runs/recover2-02-R-s191/checkpoints/iter_0000049/__0_0.distcp
493621396	/home/caiyiwen-rewardtxn-results/sqlite-s191-0913/runs/recover2-02-R-s191/checkpoints/iter_0000049/__0_1.distcp
494912288	/home/caiyiwen-rewardtxn-results/sqlite-s191-0913/runs/recover2-02-R-s191/checkpoints/iter_0000149/__0_0.distcp
493621396	/home/caiyiwen-rewardtxn-results/sqlite-s191-0913/runs/recover2-02-R-s191/checkpoints/iter_0000149/__0_1.distcp
451224120	/home/caiyiwen-rewardtxn-results/sqlite-s191-0913/runs/recover2-02-R-s191/checkpoints/iter_0000049_hf/model-00002-of-00002.safetensors
494912288	/home/caiyiwen-rewardtxn-results/sqlite-s191-0913/runs/recover2-02-R-s191/checkpoints/iter_0000399/__0_0.distcp
493621396	/home/caiyiwen-rewardtxn-results/sqlite-s191-0913/runs/recover2-02-R-s191/checkpoints/iter_0000399/__0_1.distcp
494912288	/home/caiyiwen-rewardtxn-results/sqlite-s191-0913/runs/recover2-02-R-s191/checkpoints/iter_0000199/__0_0.distcp
493621396	/home/caiyiwen-rewardtxn-results/sqlite-s191-0913/runs/recover2-02-R-s191/checkpoints/iter_0000199/__0_1.distcp
494912288	/home/caiyiwen-rewardtxn-results/sqlite-s191-0913/runs/recover2-02-R-s191/checkpoints/iter_0000349/__0_0.distcp
493621396	/home/caiyiwen-rewardtxn-results/sqlite-s191-0913/runs/recover2-02-R-s191/checkpoints/iter_0000349/__0_1.distcp
451224120	/home/caiyiwen-rewardtxn-results/sqlite-s191-0913/runs/recover2-02-R-s191/checkpoints/iter_0000249_hf/model-00002-of-00002.safetensors
536873656	/home/caiyiwen-rewardtxn-results/sqlite-s191-0913/runs/recover2-02-R-s191/checkpoints/iter_0000249_hf/model-00001-of-00002.safetensors
494912288	/home/caiyiwen-rewardtxn-results/sqlite-s191-0913/runs/recover2-02-R-s191/checkpoints/iter_0000449/__0_0.distcp
493621396	/home/caiyiwen-rewardtxn-results/sqlite-s191-0913/runs/recover2-02-R-s191/checkpoints/iter_0000449/__0_1.distcp
494912288	/home/caiyiwen-rewardtxn-results/sqlite-s191-0913/runs/recover2-02-R-s191/checkpoints/iter_0000499/__0_0.distcp
493621396	/home/caiyiwen-rewardtxn-results/sqlite-s191-0913/runs/recover2-02-R-s191/checkpoints/iter_0000499/__0_1.distcp
536873656	/home/caiyiwen-rewardtxn-results/sqlite-s191-0913/runs/recover2-02-R-s191/checkpoints/iter_0000449_hf/model-00001-of-00002.safetensors
451224120	/home/caiyiwen-rewardtxn-results/sqlite-s191-0913/runs/recover2-02-R-s191/checkpoints/iter_0000449_hf/model-00002-of-00002.safetensors
451224120	/home/caiyiwen-rewardtxn-results/sqlite-s191-0913/runs/recover2-02-R-s191/checkpoints/iter_0000199_hf/model-00002-of-00002.safetensors
536873656	/home/caiyiwen-rewardtxn-results/sqlite-s191-0913/runs/recover2-02-R-s191/checkpoints/iter_0000199_hf/model-00001-of-00002.safetensors
536873656	/home/caiyiwen-rewardtxn-results/sqlite-s191-0913/runs/recover2-02-R-s191/checkpoints/iter_0000149_hf/model-00001-of-00002.safetensors
451224120	/home/caiyiwen-rewardtxn-results/sqlite-s191-0913/runs/recover2-02-R-s191/checkpoints/iter_0000149_hf/model-00002-of-00002.safetensors
536873656	/home/caiyiwen-rewardtxn-results/sqlite-s191-0913/runs/recover2-02-R-s191/checkpoints/iter_0000399_hf/model-00001-of-00002.safetensors
451224120	/home/caiyiwen-rewardtxn-results/sqlite-s191-0913/runs/recover2-02-R-s191/checkpoints/iter_0000399_hf/model-00002-of-00002.safetensors
494912288	/home/caiyiwen-rewardtxn-results/sqlite-s191-0913/runs/recover2-02-R-s191/checkpoints/iter_0000099/__0_0.distcp
493621396	/home/caiyiwen-rewardtxn-results/sqlite-s191-0913/runs/recover2-02-R-s191/checkpoints/iter_0000099/__0_1.distcp
536873656	/home/caiyiwen-rewardtxn-results/sqlite-s191-0913/runs/recover2-02-R-s191/checkpoints/iter_0000299_hf/model-00001-of-00002.safetensors
451224120	/home/caiyiwen-rewardtxn-results/sqlite-s191-0913/runs/recover2-02-R-s191/checkpoints/iter_0000299_hf/model-00002-of-00002.safetensors
451224120	/home/caiyiwen-rewardtxn-results/sqlite-s191-0913/runs/recover2-02-R-s191/checkpoints/iter_0000349_hf/model-00002-of-00002.safetensors
451224120	/home/caiyiwen-rewardtxn-results/sqlite-s191-0913/runs/recover2-02-R-s191/checkpoints/iter_0000099_hf/model-00002-of-00002.safetensors
536873656	/home/caiyiwen-rewardtxn-results/sqlite-s191-0913/runs/recover2-02-R-s191/checkpoints/iter_0000349_hf/model-00001-of-00002.safetensors
451224120	/home/caiyiwen-rewardtxn-results/sqlite-s191-0913/runs/recover2-02-R-s191/checkpoints/iter_0000499_hf/model-00002-of-00002.safetensors
536873656	/home/caiyiwen-rewardtxn-results/sqlite-s191-0913/runs/recover2-02-R-s191/checkpoints/iter_0000099_hf/model-00001-of-00002.safetensors
494912288	/home/caiyiwen-rewardtxn-results/sqlite-s191-0913/runs/recover2-02-R-s191/checkpoints/iter_0000299/__0_0.distcp
493621396	/home/caiyiwen-rewardtxn-results/sqlite-s191-0913/runs/recover2-02-R-s191/checkpoints/iter_0000299/__0_1.distcp
536873656	/home/caiyiwen-rewardtxn-results/sqlite-s191-0913/runs/recover2-02-R-s191/checkpoints/iter_0000499_hf/model-00001-of-00002.safetensors
494912288	/home/caiyiwen-rewardtxn-results/sqlite-s191-0913/runs/recover2-02-R-s191/checkpoints/iter_0000249/__0_0.distcp
493621396	/home/caiyiwen-rewardtxn-results/sqlite-s191-0913/runs/recover2-02-R-s191/checkpoints/iter_0000249/__0_1.distcp
536873656	/home/caiyiwen-rewardtxn-results/sqlite-s191-0913/runs/sqlite-00-R-s191/checkpoints/iter_0000199_hf/model-00001-of-00002.safetensors
536873656	/home/caiyiwen-rewardtxn-results/sqlite-s191-0913/runs/sqlite-00-R-s191/checkpoints/iter_0000149_hf/model-00001-of-00002.safetensors
451224120	/home/caiyiwen-rewardtxn-results/sqlite-s191-0913/runs/sqlite-00-R-s191/checkpoints/iter_0000149_hf/model-00002-of-00002.safetensors
451224120	/home/caiyiwen-rewardtxn-results/sqlite-s191-0913/runs/sqlite-00-R-s191/checkpoints/iter_0000199_hf/model-00002-of-00002.safetensors
451224120	/home/caiyiwen-rewardtxn-results/sqlite-s191-0913/runs/sqlite-00-R-s191/checkpoints/iter_0000099_hf/model-00002-of-00002.safetensors
536873656	/home/caiyiwen-rewardtxn-results/sqlite-s191-0913/runs/sqlite-00-R-s191/checkpoints/iter_0000099_hf/model-00001-of-00002.safetensors
451224120	/home/caiyiwen-rewardtxn-results/sqlite-s191-0913/runs/sqlite-00-R-s191/checkpoints/iter_0000499_hf/model-00002-of-00002.safetensors
494912288	/home/caiyiwen-rewardtxn-results/sqlite-s191-0913/runs/sqlite-00-R-s191/checkpoints/iter_0000299/__0_0.distcp
493621396	/home/caiyiwen-rewardtxn-results/sqlite-s191-0913/runs/sqlite-00-R-s191/checkpoints/iter_0000299/__0_1.distcp
536873656	/home/caiyiwen-rewardtxn-results/sqlite-s191-0913/runs/sqlite-00-R-s191/checkpoints/iter_0000499_hf/model-00001-of-00002.safetensors
494912288	/home/caiyiwen-rewardtxn-results/sqlite-s191-0913/runs/sqlite-00-R-s191/checkpoints/iter_0000249/__0_0.distcp
493621396	/home/caiyiwen-rewardtxn-results/sqlite-s191-0913/runs/sqlite-00-R-s191/checkpoints/iter_0000249/__0_1.distcp
494912288	/home/caiyiwen-rewardtxn-results/sqlite-s191-0913/runs/sqlite-00-R-s191/checkpoints/iter_0000499/__0_0.distcp
493621396	/home/caiyiwen-rewardtxn-results/sqlite-s191-0913/runs/sqlite-00-R-s191/checkpoints/iter_0000499/__0_1.distcp
536873656	/home/caiyiwen-rewardtxn-results/sqlite-s191-0913/runs/sqlite-00-R-s191/checkpoints/iter_0000449_hf/model-00001-of-00002.safetensors
451224120	/home/caiyiwen-rewardtxn-results/sqlite-s191-0913/runs/sqlite-00-R-s191/checkpoints/iter_0000449_hf/model-00002-of-00002.safetensors
494912288	/home/caiyiwen-rewardtxn-results/sqlite-s191-0913/runs/sqlite-00-R-s191/checkpoints/iter_0000449/__0_0.distcp
493621396	/home/caiyiwen-rewardtxn-results/sqlite-s191-0913/runs/sqlite-00-R-s191/checkpoints/iter_0000449/__0_1.distcp
536873656	/home/caiyiwen-rewardtxn-results/sqlite-s191-0913/runs/sqlite-00-R-s191/checkpoints/iter_0000399_hf/model-00001-of-00002.safetensors
451224120	/home/caiyiwen-rewardtxn-results/sqlite-s191-0913/runs/sqlite-00-R-s191/checkpoints/iter_0000299_hf/model-00002-of-00002.safetensors
536873656	/home/caiyiwen-rewardtxn-results/sqlite-s191-0913/runs/sqlite-00-R-s191/checkpoints/iter_0000299_hf/model-00001-of-00002.safetensors
451224120	/home/caiyiwen-rewardtxn-results/sqlite-s191-0913/runs/sqlite-00-R-s191/checkpoints/iter_0000349_hf/model-00002-of-00002.safetensors
451224120	/home/caiyiwen-rewardtxn-results/sqlite-s191-0913/runs/sqlite-00-R-s191/checkpoints/iter_0000399_hf/model-00002-of-00002.safetensors
494912288	/home/caiyiwen-rewardtxn-results/sqlite-s191-0913/runs/sqlite-00-R-s191/checkpoints/iter_0000099/__0_0.distcp
493621396	/home/caiyiwen-rewardtxn-results/sqlite-s191-0913/runs/sqlite-00-R-s191/checkpoints/iter_0000099/__0_1.distcp
536873656	/home/caiyiwen-rewardtxn-results/sqlite-s191-0913/runs/sqlite-00-R-s191/checkpoints/iter_0000349_hf/model-00001-of-00002.safetensors
451224120	/home/caiyiwen-rewardtxn-results/sqlite-s191-0913/runs/sqlite-01-DBM-s191/checkpoints/iter_0000449_hf/model-00002-of-00002.safetensors
494912288	/home/caiyiwen-rewardtxn-results/sqlite-s191-0913/runs/sqlite-01-DBM-s191/checkpoints/iter_0000449/__0_0.distcp
493621396	/home/caiyiwen-rewardtxn-results/sqlite-s191-0913/runs/sqlite-01-DBM-s191/checkpoints/iter_0000449/__0_1.distcp
536873656	/home/caiyiwen-rewardtxn-results/sqlite-s191-0913/runs/sqlite-01-DBM-s191/checkpoints/iter_0000449_hf/model-00001-of-00002.safetensors
494912288	/home/caiyiwen-rewardtxn-results/sqlite-s191-0913/runs/sqlite-01-DBM-s191/checkpoints/iter_0000249/__0_0.distcp
493621396	/home/caiyiwen-rewardtxn-results/sqlite-s191-0913/runs/sqlite-01-DBM-s191/checkpoints/iter_0000249/__0_1.distcp
451224120	/home/caiyiwen-rewardtxn-results/sqlite-s191-0913/runs/sqlite-01-DBM-s191/checkpoints/iter_0000149_hf/model-00002-of-00002.safetensors
536873656	/home/caiyiwen-rewardtxn-results/sqlite-s191-0913/runs/sqlite-01-DBM-s191/checkpoints/iter_0000199_hf/model-00001-of-00002.safetensors
451224120	/home/caiyiwen-rewardtxn-results/sqlite-s191-0913/runs/sqlite-01-DBM-s191/checkpoints/iter_0000199_hf/model-00002-of-00002.safetensors
536873656	/home/caiyiwen-rewardtxn-results/sqlite-s191-0913/runs/sqlite-01-DBM-s191/checkpoints/iter_0000149_hf/model-00001-of-00002.safetensors
494912288	/home/caiyiwen-rewardtxn-results/sqlite-s191-0913/runs/sqlite-00-R-s191/checkpoints/iter_0000049/__0_0.distcp
493621396	/home/caiyiwen-rewardtxn-results/sqlite-s191-0913/runs/sqlite-00-R-s191/checkpoints/iter_0000049/__0_1.distcp
494912288	/home/caiyiwen-rewardtxn-results/sqlite-s191-0913/runs/sqlite-00-R-s191/checkpoints/iter_0000149/__0_0.distcp
493621396	/home/caiyiwen-rewardtxn-results/sqlite-s191-0913/runs/sqlite-00-R-s191/checkpoints/iter_0000149/__0_1.distcp
451224120	/home/caiyiwen-rewardtxn-results/sqlite-s191-0913/runs/sqlite-00-R-s191/checkpoints/iter_0000049_hf/model-00002-of-00002.safetensors
494912288	/home/caiyiwen-rewardtxn-results/sqlite-s191-0913/runs/sqlite-00-R-s191/checkpoints/iter_0000399/__0_0.distcp
493621396	/home/caiyiwen-rewardtxn-results/sqlite-s191-0913/runs/sqlite-00-R-s191/checkpoints/iter_0000399/__0_1.distcp
536873656	/home/caiyiwen-rewardtxn-results/sqlite-s191-0913/runs/sqlite-00-R-s191/checkpoints/iter_0000049_hf/model-00001-of-00002.safetensors
494912288	/home/caiyiwen-rewardtxn-results/sqlite-s191-0913/runs/sqlite-00-R-s191/checkpoints/iter_0000199/__0_0.distcp
493621396	/home/caiyiwen-rewardtxn-results/sqlite-s191-0913/runs/sqlite-00-R-s191/checkpoints/iter_0000199/__0_1.distcp
494912288	/home/caiyiwen-rewardtxn-results/sqlite-s191-0913/runs/sqlite-00-R-s191/checkpoints/iter_0000349/__0_0.distcp
493621396	/home/caiyiwen-rewardtxn-results/sqlite-s191-0913/runs/sqlite-00-R-s191/checkpoints/iter_0000349/__0_1.distcp
451224120	/home/caiyiwen-rewardtxn-results/sqlite-s191-0913/runs/sqlite-00-R-s191/checkpoints/iter_0000249_hf/model-00002-of-00002.safetensors
536873656	/home/caiyiwen-rewardtxn-results/sqlite-s191-0913/runs/sqlite-00-R-s191/checkpoints/iter_0000249_hf/model-00001-of-00002.safetensors
451224120	/home/caiyiwen-rewardtxn-results/sqlite-s191-0913/runs/sqlite-01-DBM-s191/checkpoints/iter_0000499_hf/model-00002-of-00002.safetensors
536873656	/home/caiyiwen-rewardtxn-results/sqlite-s191-0913/runs/sqlite-01-DBM-s191/checkpoints/iter_0000499_hf/model-00001-of-00002.safetensors
494912288	/home/caiyiwen-rewardtxn-results/sqlite-s191-0913/runs/sqlite-01-DBM-s191/checkpoints/iter_0000349/__0_0.distcp
493621396	/home/caiyiwen-rewardtxn-results/sqlite-s191-0913/runs/sqlite-01-DBM-s191/checkpoints/iter_0000349/__0_1.distcp
494912288	/home/caiyiwen-rewardtxn-results/sqlite-s191-0913/runs/sqlite-01-DBM-s191/checkpoints/iter_0000199/__0_0.distcp
493621396	/home/caiyiwen-rewardtxn-results/sqlite-s191-0913/runs/sqlite-01-DBM-s191/checkpoints/iter_0000199/__0_1.distcp
494912288	/home/caiyiwen-rewardtxn-results/sqlite-s191-0913/runs/sqlite-01-DBM-s191/checkpoints/iter_0000299/__0_0.distcp
493621396	/home/caiyiwen-rewardtxn-results/sqlite-s191-0913/runs/sqlite-01-DBM-s191/checkpoints/iter_0000299/__0_1.distcp
494912288	/home/caiyiwen-rewardtxn-results/sqlite-s191-0913/runs/sqlite-01-DBM-s191/checkpoints/iter_0000399/__0_0.distcp
493621396	/home/caiyiwen-rewardtxn-results/sqlite-s191-0913/runs/sqlite-01-DBM-s191/checkpoints/iter_0000399/__0_1.distcp
451224120	/home/caiyiwen-rewardtxn-results/sqlite-s191-0913/runs/sqlite-01-DBM-s191/checkpoints/iter_0000249_hf/model-00002-of-00002.safetensors
536873656	/home/caiyiwen-rewardtxn-results/sqlite-s191-0913/runs/sqlite-01-DBM-s191/checkpoints/iter_0000249_hf/model-00001-of-00002.safetensors
494912288	/home/caiyiwen-rewardtxn-results/sqlite-s191-0913/runs/sqlite-01-DBM-s191/checkpoints/iter_0000499/__0_0.distcp
493621396	/home/caiyiwen-rewardtxn-results/sqlite-s191-0913/runs/sqlite-01-DBM-s191/checkpoints/iter_0000499/__0_1.distcp
451224120	/home/caiyiwen-rewardtxn-results/sqlite-s191-0913/runs/sqlite-01-DBM-s191/checkpoints/iter_0000049_hf/model-00002-of-00002.safetensors
494912288	/home/caiyiwen-rewardtxn-results/sqlite-s191-0913/runs/sqlite-01-DBM-s191/checkpoints/iter_0000049/__0_0.distcp
493621396	/home/caiyiwen-rewardtxn-results/sqlite-s191-0913/runs/sqlite-01-DBM-s191/checkpoints/iter_0000049/__0_1.distcp
494912288	/home/caiyiwen-rewardtxn-results/sqlite-s191-0913/runs/sqlite-01-DBM-s191/checkpoints/iter_0000149/__0_0.distcp
493621396	/home/caiyiwen-rewardtxn-results/sqlite-s191-0913/runs/sqlite-01-DBM-s191/checkpoints/iter_0000149/__0_1.distcp
536873656	/home/caiyiwen-rewardtxn-results/sqlite-s191-0913/runs/sqlite-01-DBM-s191/checkpoints/iter_0000049_hf/model-00001-of-00002.safetensors
536873656	/home/caiyiwen-rewardtxn-results/sqlite-s191-0913/runs/sqlite-01-DBM-s191/checkpoints/iter_0000399_hf/model-00001-of-00002.safetensors
451224120	/home/caiyiwen-rewardtxn-results/sqlite-s191-0913/runs/sqlite-01-DBM-s191/checkpoints/iter_0000399_hf/model-00002-of-00002.safetensors
494912288	/home/caiyiwen-rewardtxn-results/sqlite-s191-0913/runs/sqlite-01-DBM-s191/checkpoints/iter_0000099/__0_0.distcp
493621396	/home/caiyiwen-rewardtxn-results/sqlite-s191-0913/runs/sqlite-01-DBM-s191/checkpoints/iter_0000099/__0_1.distcp
536873656	/home/caiyiwen-rewardtxn-results/sqlite-s191-0913/runs/sqlite-01-DBM-s191/checkpoints/iter_0000299_hf/model-00001-of-00002.safetensors
451224120	/home/caiyiwen-rewardtxn-results/sqlite-s191-0913/runs/sqlite-01-DBM-s191/checkpoints/iter_0000349_hf/model-00002-of-00002.safetensors
536873656	/home/caiyiwen-rewardtxn-results/sqlite-s191-0913/runs/sqlite-01-DBM-s191/checkpoints/iter_0000349_hf/model-00001-of-00002.safetensors
451224120	/home/caiyiwen-rewardtxn-results/sqlite-s191-0913/runs/sqlite-01-DBM-s191/checkpoints/iter_0000299_hf/model-00002-of-00002.safetensors
451224120	/home/caiyiwen-rewardtxn-results/sqlite-s191-0913/runs/sqlite-01-DBM-s191/checkpoints/iter_0000099_hf/model-00002-of-00002.safetensors
536873656	/home/caiyiwen-rewardtxn-results/sqlite-s191-0913/runs/sqlite-01-DBM-s191/checkpoints/iter_0000099_hf/model-00001-of-00002.safetensors
494912288	/home/caiyiwen-rewardtxn-results/sqlite-s191-0913/runs/sqlite-02-R-s191/checkpoints/iter_0000049/__0_0.distcp
493621396	/home/caiyiwen-rewardtxn-results/sqlite-s191-0913/runs/sqlite-02-R-s191/checkpoints/iter_0000049/__0_1.distcp
536873656	/home/caiyiwen-rewardtxn-results/v4-0912-c/runs/smoke-05-PAYLOAD-s11/checkpoints/iter_0000009_hf/model-00001-of-00002.safetensors
494912288	/home/caiyiwen-rewardtxn-results/sqlite-s191-0913/runs/sqlite-02-R-s191/checkpoints/iter_0000149/__0_0.distcp
493621396	/home/caiyiwen-rewardtxn-results/sqlite-s191-0913/runs/sqlite-02-R-s191/checkpoints/iter_0000149/__0_1.distcp
451224120	/home/caiyiwen-rewardtxn-results/v4-0912-c/runs/smoke-05-PAYLOAD-s11/checkpoints/iter_0000009_hf/model-00002-of-00002.safetensors
494912288	/home/caiyiwen-rewardtxn-results/v4-0912-c/runs/smoke-05-PAYLOAD-s11/checkpoints/iter_0000009/__0_0.distcp
493621396	/home/caiyiwen-rewardtxn-results/v4-0912-c/runs/smoke-05-PAYLOAD-s11/checkpoints/iter_0000009/__0_1.distcp
451224120	/home/caiyiwen-rewardtxn-results/sqlite-s191-0913/runs/sqlite-02-R-s191/checkpoints/iter_0000049_hf/model-00002-of-00002.safetensors
494912288	/home/caiyiwen-rewardtxn-results/sqlite-s191-0913/runs/sqlite-02-R-s191/checkpoints/iter_0000199/__0_0.distcp
493621396	/home/caiyiwen-rewardtxn-results/sqlite-s191-0913/runs/sqlite-02-R-s191/checkpoints/iter_0000199/__0_1.distcp
536873656	/home/caiyiwen-rewardtxn-results/sqlite-s191-0913/runs/sqlite-02-R-s191/checkpoints/iter_0000049_hf/model-00001-of-00002.safetensors
494912288	/home/caiyiwen-rewardtxn-results/sqlite-s191-0913/runs/sqlite-02-R-s191/checkpoints/iter_0000099/__0_0.distcp
493621396	/home/caiyiwen-rewardtxn-results/sqlite-s191-0913/runs/sqlite-02-R-s191/checkpoints/iter_0000099/__0_1.distcp
536873656	/home/caiyiwen-rewardtxn-results/sqlite-s191-0913/runs/sqlite-02-R-s191/checkpoints/iter_0000099_hf/model-00001-of-00002.safetensors
451224120	/home/caiyiwen-rewardtxn-results/sqlite-s191-0913/runs/sqlite-02-R-s191/checkpoints/iter_0000099_hf/model-00002-of-00002.safetensors
536873656	/home/caiyiwen-rewardtxn-results/sqlite-s191-0913/runs/sqlite-02-R-s191/checkpoints/iter_0000149_hf/model-00001-of-00002.safetensors
493621460	/home/caiyiwen-rewardtxn-results/v4-0912-c/runs/confirm-21-R-s163/checkpoints/iter_0000499/__0_1.distcp
536873656	/home/caiyiwen-rewardtxn-results/sqlite-s191-0913/runs/sqlite-02-R-s191/checkpoints/iter_0000199_hf/model-00001-of-00002.safetensors
451224120	/home/caiyiwen-rewardtxn-results/sqlite-s191-0913/runs/sqlite-02-R-s191/checkpoints/iter_0000199_hf/model-00002-of-00002.safetensors
451224120	/home/caiyiwen-rewardtxn-results/sqlite-s191-0913/runs/sqlite-02-R-s191/checkpoints/iter_0000149_hf/model-00002-of-00002.safetensors
494912288	/home/caiyiwen-rewardtxn-results/v4-0912-c/runs/confirm-21-R-s163/checkpoints/iter_0000499/__0_0.distcp
451224120	/home/caiyiwen-rewardtxn-results/v4-0912-c/runs/confirm-21-R-s163/checkpoints/iter_0000499_hf/model-00002-of-00002.safetensors
536873656	/home/caiyiwen-rewardtxn-results/v4-0912-c/runs/confirm-21-R-s163/checkpoints/iter_0000499_hf/model-00001-of-00002.safetensors
494912288	/home/caiyiwen-rewardtxn-results/v4-0912-c/runs/screen-09-LITE-s23/checkpoints/iter_0000499/__0_0.distcp
493621332	/home/caiyiwen-rewardtxn-results/v4-0912-c/runs/screen-09-LITE-s23/checkpoints/iter_0000499/__0_1.distcp
536873656	/home/caiyiwen-rewardtxn-results/v4-0912-c/runs/screen-09-LITE-s23/checkpoints/iter_0000499_hf/model-00001-of-00002.safetensors
451224120	/home/caiyiwen-rewardtxn-results/v4-0912-c/runs/screen-09-LITE-s23/checkpoints/iter_0000499_hf/model-00002-of-00002.safetensors
494912288	/home/caiyiwen-rewardtxn-results/v4-0912-c/runs/screen-08-DBM-s23/checkpoints/iter_0000499/__0_0.distcp
493621332	/home/caiyiwen-rewardtxn-results/v4-0912-c/runs/screen-08-DBM-s23/checkpoints/iter_0000499/__0_1.distcp
536873656	/home/caiyiwen-rewardtxn-results/v4-0912-c/runs/screen-08-DBM-s23/checkpoints/iter_0000499_hf/model-00001-of-00002.safetensors
451224120	/home/caiyiwen-rewardtxn-results/v4-0912-c/runs/screen-08-DBM-s23/checkpoints/iter_0000499_hf/model-00002-of-00002.safetensors
536873656	/home/caiyiwen-rewardtxn-results/v4-0912-c/runs/confirm-03-LITE-s59/checkpoints/iter_0000499_hf/model-00001-of-00002.safetensors
494912288	/home/caiyiwen-rewardtxn-results/v4-0912-c/runs/confirm-03-LITE-s59/checkpoints/iter_0000499/__0_0.distcp
493621460	/home/caiyiwen-rewardtxn-results/v4-0912-c/runs/confirm-03-LITE-s59/checkpoints/iter_0000499/__0_1.distcp
451224120	/home/caiyiwen-rewardtxn-results/v4-0912-c/runs/confirm-03-LITE-s59/checkpoints/iter_0000499_hf/model-00002-of-00002.safetensors
536873656	/home/caiyiwen-rewardtxn-results/v4-0912-c/runs/smoke-03-LOGM-s11/checkpoints/iter_0000009_hf/model-00001-of-00002.safetensors
451224120	/home/caiyiwen-rewardtxn-results/v4-0912-c/runs/smoke-03-LOGM-s11/checkpoints/iter_0000009_hf/model-00002-of-00002.safetensors
494912288	/home/caiyiwen-rewardtxn-results/v4-0912-c/runs/smoke-03-LOGM-s11/checkpoints/iter_0000009/__0_0.distcp
493621396	/home/caiyiwen-rewardtxn-results/v4-0912-c/runs/smoke-03-LOGM-s11/checkpoints/iter_0000009/__0_1.distcp
536873656	/home/caiyiwen-rewardtxn-results/v4-0912-c/runs/confirm-14-R-s127/checkpoints/iter_0000499_hf/model-00001-of-00002.safetensors
451224120	/home/caiyiwen-rewardtxn-results/v4-0912-c/runs/confirm-14-R-s127/checkpoints/iter_0000499_hf/model-00002-of-00002.safetensors
494912288	/home/caiyiwen-rewardtxn-results/v4-0912-c/runs/confirm-14-R-s127/checkpoints/iter_0000499/__0_0.distcp
493621460	/home/caiyiwen-rewardtxn-results/v4-0912-c/runs/confirm-14-R-s127/checkpoints/iter_0000499/__0_1.distcp
536873656	/home/caiyiwen-rewardtxn-results/v4-0912-c/runs/smoke-01-R-s11/checkpoints/iter_0000009_hf/model-00001-of-00002.safetensors
451224120	/home/caiyiwen-rewardtxn-results/v4-0912-c/runs/smoke-01-R-s11/checkpoints/iter_0000009_hf/model-00002-of-00002.safetensors
494912288	/home/caiyiwen-rewardtxn-results/v4-0912-c/runs/smoke-01-R-s11/checkpoints/iter_0000009/__0_0.distcp
493621396	/home/caiyiwen-rewardtxn-results/v4-0912-c/runs/smoke-01-R-s11/checkpoints/iter_0000009/__0_1.distcp
494912288	/home/caiyiwen-rewardtxn-results/v4-0912-c/runs/confirm-11-LITE-s97/checkpoints/iter_0000499/__0_0.distcp
493621396	/home/caiyiwen-rewardtxn-results/v4-0912-c/runs/confirm-11-LITE-s97/checkpoints/iter_0000499/__0_1.distcp
536873656	/home/caiyiwen-rewardtxn-results/v4-0912-c/runs/confirm-11-LITE-s97/checkpoints/iter_0000499_hf/model-00001-of-00002.safetensors
451224120	/home/caiyiwen-rewardtxn-results/v4-0912-c/runs/confirm-11-LITE-s97/checkpoints/iter_0000499_hf/model-00002-of-00002.safetensors
494912288	/home/caiyiwen-rewardtxn-results/v4-0912-c/runs/confirm-04-LITE-s67/checkpoints/iter_0000499/__0_0.distcp
493621268	/home/caiyiwen-rewardtxn-results/v4-0912-c/runs/confirm-04-LITE-s67/checkpoints/iter_0000499/__0_1.distcp
536873656	/home/caiyiwen-rewardtxn-results/v4-0912-c/runs/confirm-04-LITE-s67/checkpoints/iter_0000499_hf/model-00001-of-00002.safetensors
451224120	/home/caiyiwen-rewardtxn-results/v4-0912-c/runs/confirm-04-LITE-s67/checkpoints/iter_0000499_hf/model-00002-of-00002.safetensors
494912288	/home/caiyiwen-rewardtxn-results/v4-0912-c/runs/confirm-12-LITE-s107/checkpoints/iter_0000499/__0_0.distcp
493621396	/home/caiyiwen-rewardtxn-results/v4-0912-c/runs/confirm-12-LITE-s107/checkpoints/iter_0000499/__0_1.distcp
536873656	/home/caiyiwen-rewardtxn-results/v4-0912-c/runs/confirm-12-LITE-s107/checkpoints/iter_0000499_hf/model-00001-of-00002.safetensors
451224120	/home/caiyiwen-rewardtxn-results/v4-0912-c/runs/confirm-12-LITE-s107/checkpoints/iter_0000499_hf/model-00002-of-00002.safetensors
451224120	/home/caiyiwen-rewardtxn-results/v4-0912-c/runs/screen-01-LOGM-s11/checkpoints/iter_0000499_hf/model-00002-of-00002.safetensors
494912288	/home/caiyiwen-rewardtxn-results/v4-0912-c/runs/screen-01-LOGM-s11/checkpoints/iter_0000499/__0_0.distcp
493621396	/home/caiyiwen-rewardtxn-results/v4-0912-c/runs/screen-01-LOGM-s11/checkpoints/iter_0000499/__0_1.distcp
536873656	/home/caiyiwen-rewardtxn-results/v4-0912-c/runs/screen-01-LOGM-s11/checkpoints/iter_0000499_hf/model-00001-of-00002.safetensors
451224120	/home/caiyiwen-rewardtxn-results/v4-0912-c/runs/confirm-07-R-s79/checkpoints/iter_0000499_hf/model-00002-of-00002.safetensors
494912288	/home/caiyiwen-rewardtxn-results/v4-0912-c/runs/confirm-07-R-s79/checkpoints/iter_0000499/__0_0.distcp
493621396	/home/caiyiwen-rewardtxn-results/v4-0912-c/runs/confirm-07-R-s79/checkpoints/iter_0000499/__0_1.distcp
536873656	/home/caiyiwen-rewardtxn-results/v4-0912-c/runs/confirm-07-R-s79/checkpoints/iter_0000499_hf/model-00001-of-00002.safetensors
494912288	/home/caiyiwen-rewardtxn-results/v4-0912-c/runs/screen-14-PAYLOAD-s37/checkpoints/iter_0000499/__0_0.distcp
493621460	/home/caiyiwen-rewardtxn-results/v4-0912-c/runs/screen-14-PAYLOAD-s37/checkpoints/iter_0000499/__0_1.distcp
536873656	/home/caiyiwen-rewardtxn-results/v4-0912-c/runs/screen-14-PAYLOAD-s37/checkpoints/iter_0000499_hf/model-00001-of-00002.safetensors
451224120	/home/caiyiwen-rewardtxn-results/v4-0912-c/runs/screen-14-PAYLOAD-s37/checkpoints/iter_0000499_hf/model-00002-of-00002.safetensors
494912288	/home/caiyiwen-rewardtxn-results/v4-0912-c/runs/screen-15-O-s37/checkpoints/iter_0000499/__0_0.distcp
493621460	/home/caiyiwen-rewardtxn-results/v4-0912-c/runs/screen-15-O-s37/checkpoints/iter_0000499/__0_1.distcp
494912288	/home/caiyiwen-rewardtxn-results/v4-0912-c/runs/screen-03-O-s11/checkpoints/iter_0000499/__0_0.distcp
493621396	/home/caiyiwen-rewardtxn-results/v4-0912-c/runs/screen-03-O-s11/checkpoints/iter_0000499/__0_1.distcp
536873656	/home/caiyiwen-rewardtxn-results/v4-0912-c/runs/screen-15-O-s37/checkpoints/iter_0000499_hf/model-00001-of-00002.safetensors
451224120	/home/caiyiwen-rewardtxn-results/v4-0912-c/runs/screen-15-O-s37/checkpoints/iter_0000499_hf/model-00002-of-00002.safetensors
451224120	/home/caiyiwen-rewardtxn-results/v4-0912-c/runs/screen-03-O-s11/checkpoints/iter_0000499_hf/model-00002-of-00002.safetensors
536873656	/home/caiyiwen-rewardtxn-results/v4-0912-c/runs/screen-03-O-s11/checkpoints/iter_0000499_hf/model-00001-of-00002.safetensors
494912288	/home/caiyiwen-rewardtxn-results/v4-0912-c/runs/confirm-06-LITE-s79/checkpoints/iter_0000499/__0_0.distcp
493621396	/home/caiyiwen-rewardtxn-results/v4-0912-c/runs/confirm-06-LITE-s79/checkpoints/iter_0000499/__0_1.distcp
451224120	/home/caiyiwen-rewardtxn-results/v4-0912-c/runs/confirm-06-LITE-s79/checkpoints/iter_0000499_hf/model-00002-of-00002.safetensors
494912288	/home/caiyiwen-rewardtxn-results/v4-0912-c/runs/screen-19-R-s37/checkpoints/iter_0000499/__0_0.distcp
493621460	/home/caiyiwen-rewardtxn-results/v4-0912-c/runs/screen-19-R-s37/checkpoints/iter_0000499/__0_1.distcp
536873656	/home/caiyiwen-rewardtxn-results/v4-0912-c/runs/confirm-06-LITE-s79/checkpoints/iter_0000499_hf/model-00001-of-00002.safetensors
536873656	/home/caiyiwen-rewardtxn-results/v4-0912-c/runs/screen-19-R-s37/checkpoints/iter_0000499_hf/model-00001-of-00002.safetensors
451224120	/home/caiyiwen-rewardtxn-results/v4-0912-c/runs/screen-19-R-s37/checkpoints/iter_0000499_hf/model-00002-of-00002.safetensors
494912288	/home/caiyiwen-rewardtxn-results/v4-0912-c/runs/confirm-20-LITE-s163/checkpoints/iter_0000499/__0_0.distcp
493621460	/home/caiyiwen-rewardtxn-results/v4-0912-c/runs/confirm-20-LITE-s163/checkpoints/iter_0000499/__0_1.distcp
451224120	/home/caiyiwen-rewardtxn-results/v4-0912-c/runs/confirm-20-LITE-s163/checkpoints/iter_0000499_hf/model-00002-of-00002.safetensors
536873656	/home/caiyiwen-rewardtxn-results/v4-0912-c/runs/confirm-20-LITE-s163/checkpoints/iter_0000499_hf/model-00001-of-00002.safetensors
494912288	/home/caiyiwen-rewardtxn-results/v4-0912-c/runs/screen-05-BOTHM-s11/checkpoints/iter_0000499/__0_0.distcp
493621396	/home/caiyiwen-rewardtxn-results/v4-0912-c/runs/screen-05-BOTHM-s11/checkpoints/iter_0000499/__0_1.distcp
536873656	/home/caiyiwen-rewardtxn-results/v4-0912-c/runs/screen-05-BOTHM-s11/checkpoints/iter_0000499_hf/model-00001-of-00002.safetensors
451224120	/home/caiyiwen-rewardtxn-results/v4-0912-c/runs/screen-05-BOTHM-s11/checkpoints/iter_0000499_hf/model-00002-of-00002.safetensors
494912288	/home/caiyiwen-rewardtxn-results/v4-0912-c/runs/confirm-16-R-s139/checkpoints/iter_0000499/__0_0.distcp
493621396	/home/caiyiwen-rewardtxn-results/v4-0912-c/runs/confirm-16-R-s139/checkpoints/iter_0000499/__0_1.distcp
451224120	/home/caiyiwen-rewardtxn-results/v4-0912-c/runs/confirm-16-R-s139/checkpoints/iter_0000499_hf/model-00002-of-00002.safetensors
536873656	/home/caiyiwen-rewardtxn-results/v4-0912-c/runs/confirm-16-R-s139/checkpoints/iter_0000499_hf/model-00001-of-00002.safetensors
451224120	/home/caiyiwen-rewardtxn-results/v4-0912-c/runs/smoke-04-BOTHM-s11/checkpoints/iter_0000009_hf/model-00002-of-00002.safetensors
494912288	/home/caiyiwen-rewardtxn-results/v4-0912-c/runs/smoke-04-BOTHM-s11/checkpoints/iter_0000009/__0_0.distcp
493621396	/home/caiyiwen-rewardtxn-results/v4-0912-c/runs/smoke-04-BOTHM-s11/checkpoints/iter_0000009/__0_1.distcp
536873656	/home/caiyiwen-rewardtxn-results/v4-0912-c/runs/smoke-04-BOTHM-s11/checkpoints/iter_0000009_hf/model-00001-of-00002.safetensors
494912288	/home/caiyiwen-rewardtxn-results/v4-0912-c/runs/screen-20-DBM-s37/checkpoints/iter_0000499/__0_0.distcp
493621460	/home/caiyiwen-rewardtxn-results/v4-0912-c/runs/screen-20-DBM-s37/checkpoints/iter_0000499/__0_1.distcp
451224120	/home/caiyiwen-rewardtxn-results/v4-0912-c/runs/screen-20-DBM-s37/checkpoints/iter_0000499_hf/model-00002-of-00002.safetensors
536873656	/home/caiyiwen-rewardtxn-results/v4-0912-c/runs/screen-20-DBM-s37/checkpoints/iter_0000499_hf/model-00001-of-00002.safetensors
494912288	/home/caiyiwen-rewardtxn-results/v4-0912-c/runs/confirm-15-LITE-s127/checkpoints/iter_0000499/__0_0.distcp
493621460	/home/caiyiwen-rewardtxn-results/v4-0912-c/runs/confirm-15-LITE-s127/checkpoints/iter_0000499/__0_1.distcp
451224120	/home/caiyiwen-rewardtxn-results/v4-0912-c/runs/confirm-15-LITE-s127/checkpoints/iter_0000499_hf/model-00002-of-00002.safetensors
536873656	/home/caiyiwen-rewardtxn-results/v4-0912-c/runs/confirm-15-LITE-s127/checkpoints/iter_0000499_hf/model-00001-of-00002.safetensors
494912288	/home/caiyiwen-rewardtxn-results/v4-0912-c/runs/screen-13-PAYLOAD-s23/checkpoints/iter_0000499/__0_0.distcp
493621332	/home/caiyiwen-rewardtxn-results/v4-0912-c/runs/screen-13-PAYLOAD-s23/checkpoints/iter_0000499/__0_1.distcp
451224120	/home/caiyiwen-rewardtxn-results/v4-0912-c/runs/screen-13-PAYLOAD-s23/checkpoints/iter_0000499_hf/model-00002-of-00002.safetensors
536873656	/home/caiyiwen-rewardtxn-results/v4-0912-c/runs/screen-13-PAYLOAD-s23/checkpoints/iter_0000499_hf/model-00001-of-00002.safetensors
536873656	/home/caiyiwen-rewardtxn-results/v4-0912-c/runs/smoke-02-DBM-s11/checkpoints/iter_0000009_hf/model-00001-of-00002.safetensors
451224120	/home/caiyiwen-rewardtxn-results/v4-0912-c/runs/smoke-02-DBM-s11/checkpoints/iter_0000009_hf/model-00002-of-00002.safetensors
494912288	/home/caiyiwen-rewardtxn-results/v4-0912-c/runs/smoke-02-DBM-s11/checkpoints/iter_0000009/__0_0.distcp
493621396	/home/caiyiwen-rewardtxn-results/v4-0912-c/runs/smoke-02-DBM-s11/checkpoints/iter_0000009/__0_1.distcp
494912288	/home/caiyiwen-rewardtxn-results/v4-0912-c/runs/screen-18-BOTHM-s37/checkpoints/iter_0000499/__0_0.distcp
493621460	/home/caiyiwen-rewardtxn-results/v4-0912-c/runs/screen-18-BOTHM-s37/checkpoints/iter_0000499/__0_1.distcp
451224120	/home/caiyiwen-rewardtxn-results/v4-0912-c/runs/screen-18-BOTHM-s37/checkpoints/iter_0000499_hf/model-00002-of-00002.safetensors
494912288	/home/caiyiwen-rewardtxn-results/v4-0912-c/runs/confirm-13-R-s107/checkpoints/iter_0000499/__0_0.distcp
493621396	/home/caiyiwen-rewardtxn-results/v4-0912-c/runs/confirm-13-R-s107/checkpoints/iter_0000499/__0_1.distcp
536873656	/home/caiyiwen-rewardtxn-results/v4-0912-c/runs/screen-18-BOTHM-s37/checkpoints/iter_0000499_hf/model-00001-of-00002.safetensors
451224120	/home/caiyiwen-rewardtxn-results/v4-0912-c/runs/confirm-13-R-s107/checkpoints/iter_0000499_hf/model-00002-of-00002.safetensors
536873656	/home/caiyiwen-rewardtxn-results/v4-0912-c/runs/confirm-13-R-s107/checkpoints/iter_0000499_hf/model-00001-of-00002.safetensors
494912288	/home/caiyiwen-rewardtxn-results/v4-0912-c/runs/screen-04-DBM-s11/checkpoints/iter_0000499/__0_0.distcp
493621396	/home/caiyiwen-rewardtxn-results/v4-0912-c/runs/screen-04-DBM-s11/checkpoints/iter_0000499/__0_1.distcp
451224120	/home/caiyiwen-rewardtxn-results/v4-0912-c/runs/screen-04-DBM-s11/checkpoints/iter_0000499_hf/model-00002-of-00002.safetensors
536873656	/home/caiyiwen-rewardtxn-results/v4-0912-c/runs/screen-04-DBM-s11/checkpoints/iter_0000499_hf/model-00001-of-00002.safetensors
536873656	/home/caiyiwen-rewardtxn-results/v4-0912-c/runs/smoke-00-O-s11/checkpoints/iter_0000009_hf/model-00001-of-00002.safetensors
493621396	/home/caiyiwen-rewardtxn-results/v4-0912-c/runs/smoke-00-O-s11/checkpoints/iter_0000009/__0_1.distcp
451224120	/home/caiyiwen-rewardtxn-results/v4-0912-c/runs/smoke-00-O-s11/checkpoints/iter_0000009_hf/model-00002-of-00002.safetensors
494912288	/home/caiyiwen-rewardtxn-results/v4-0912-c/runs/smoke-00-O-s11/checkpoints/iter_0000009/__0_0.distcp
494912288	/home/caiyiwen-rewardtxn-results/v4-0912-c/runs/screen-02-R-s11/checkpoints/iter_0000499/__0_0.distcp
493621396	/home/caiyiwen-rewardtxn-results/v4-0912-c/runs/screen-02-R-s11/checkpoints/iter_0000499/__0_1.distcp
451224120	/home/caiyiwen-rewardtxn-results/v4-0912-c/runs/screen-02-R-s11/checkpoints/iter_0000499_hf/model-00002-of-00002.safetensors
536873656	/home/caiyiwen-rewardtxn-results/v4-0912-c/runs/screen-02-R-s11/checkpoints/iter_0000499_hf/model-00001-of-00002.safetensors
451224120	/home/caiyiwen-rewardtxn-results/v4-0912-c/runs/confirm-09-LITE-s83/checkpoints/iter_0000499_hf/model-00002-of-00002.safetensors
536873656	/home/caiyiwen-rewardtxn-results/v4-0912-c/runs/confirm-09-LITE-s83/checkpoints/iter_0000499_hf/model-00001-of-00002.safetensors
494912288	/home/caiyiwen-rewardtxn-results/v4-0912-c/runs/confirm-09-LITE-s83/checkpoints/iter_0000499/__0_0.distcp
493621396	/home/caiyiwen-rewardtxn-results/v4-0912-c/runs/confirm-09-LITE-s83/checkpoints/iter_0000499/__0_1.distcp
536873656	/home/caiyiwen-rewardtxn-results/v4-0912-c/runs/screen-12-R-s23/checkpoints/iter_0000499_hf/model-00001-of-00002.safetensors
494912288	/home/caiyiwen-rewardtxn-results/v4-0912-c/runs/screen-12-R-s23/checkpoints/iter_0000499/__0_0.distcp
493621332	/home/caiyiwen-rewardtxn-results/v4-0912-c/runs/screen-12-R-s23/checkpoints/iter_0000499/__0_1.distcp
451224120	/home/caiyiwen-rewardtxn-results/v4-0912-c/runs/screen-12-R-s23/checkpoints/iter_0000499_hf/model-00002-of-00002.safetensors
451224120	/home/caiyiwen-rewardtxn-results/v4-0912-c/runs/confirm-10-R-s97/checkpoints/iter_0000499_hf/model-00002-of-00002.safetensors
536873656	/home/caiyiwen-rewardtxn-results/v4-0912-c/runs/confirm-10-R-s97/checkpoints/iter_0000499_hf/model-00001-of-00002.safetensors
494912288	/home/caiyiwen-rewardtxn-results/v4-0912-c/runs/confirm-10-R-s97/checkpoints/iter_0000499/__0_0.distcp
493621396	/home/caiyiwen-rewardtxn-results/v4-0912-c/runs/confirm-10-R-s97/checkpoints/iter_0000499/__0_1.distcp
494912288	/home/caiyiwen-rewardtxn-results/v4-0912-c/runs/screen-16-LOGM-s37/checkpoints/iter_0000499/__0_0.distcp
493621460	/home/caiyiwen-rewardtxn-results/v4-0912-c/runs/screen-16-LOGM-s37/checkpoints/iter_0000499/__0_1.distcp
536873656	/home/caiyiwen-rewardtxn-results/v4-0912-c/runs/screen-16-LOGM-s37/checkpoints/iter_0000499_hf/model-00001-of-00002.safetensors
451224120	/home/caiyiwen-rewardtxn-results/v4-0912-c/runs/screen-16-LOGM-s37/checkpoints/iter_0000499_hf/model-00002-of-00002.safetensors
494912288	/home/caiyiwen-rewardtxn-results/v4-0912-c/runs/screen-00-PAYLOAD-s11/checkpoints/iter_0000499/__0_0.distcp
493621396	/home/caiyiwen-rewardtxn-results/v4-0912-c/runs/screen-00-PAYLOAD-s11/checkpoints/iter_0000499/__0_1.distcp
451224120	/home/caiyiwen-rewardtxn-results/v4-0912-c/runs/screen-00-PAYLOAD-s11/checkpoints/iter_0000499_hf/model-00002-of-00002.safetensors
536873656	/home/caiyiwen-rewardtxn-results/v4-0912-c/runs/screen-00-PAYLOAD-s11/checkpoints/iter_0000499_hf/model-00001-of-00002.safetensors
494912288	/home/caiyiwen-rewardtxn-results/v4-0912-c/runs/confirm-17-LITE-s139/checkpoints/iter_0000499/__0_0.distcp
493621396	/home/caiyiwen-rewardtxn-results/v4-0912-c/runs/confirm-17-LITE-s139/checkpoints/iter_0000499/__0_1.distcp
494912288	/home/caiyiwen-rewardtxn-results/v4-0912-c/runs/confirm-18-LITE-s149/checkpoints/iter_0000499/__0_0.distcp
493621396	/home/caiyiwen-rewardtxn-results/v4-0912-c/runs/confirm-18-LITE-s149/checkpoints/iter_0000499/__0_1.distcp
536873656	/home/caiyiwen-rewardtxn-results/v4-0912-c/runs/confirm-17-LITE-s139/checkpoints/iter_0000499_hf/model-00001-of-00002.safetensors
451224120	/home/caiyiwen-rewardtxn-results/v4-0912-c/runs/confirm-17-LITE-s139/checkpoints/iter_0000499_hf/model-00002-of-00002.safetensors
536873656	/home/caiyiwen-rewardtxn-results/v4-0912-c/runs/confirm-18-LITE-s149/checkpoints/iter_0000499_hf/model-00001-of-00002.safetensors
451224120	/home/caiyiwen-rewardtxn-results/v4-0912-c/runs/confirm-18-LITE-s149/checkpoints/iter_0000499_hf/model-00002-of-00002.safetensors
494912288	/home/caiyiwen-rewardtxn-results/v4-0912-c/runs/confirm-01-R-s47/checkpoints/iter_0000499/__0_0.distcp
493621396	/home/caiyiwen-rewardtxn-results/v4-0912-c/runs/confirm-01-R-s47/checkpoints/iter_0000499/__0_1.distcp
451224120	/home/caiyiwen-rewardtxn-results/v4-0912-c/runs/confirm-01-R-s47/checkpoints/iter_0000499_hf/model-00002-of-00002.safetensors
536873656	/home/caiyiwen-rewardtxn-results/v4-0912-c/runs/confirm-01-R-s47/checkpoints/iter_0000499_hf/model-00001-of-00002.safetensors
494912288	/home/caiyiwen-rewardtxn-results/v4-0912-c/runs/confirm-05-R-s67/checkpoints/iter_0000499/__0_0.distcp
493621268	/home/caiyiwen-rewardtxn-results/v4-0912-c/runs/confirm-05-R-s67/checkpoints/iter_0000499/__0_1.distcp
451224120	/home/caiyiwen-rewardtxn-results/v4-0912-c/runs/confirm-05-R-s67/checkpoints/iter_0000499_hf/model-00002-of-00002.safetensors
536873656	/home/caiyiwen-rewardtxn-results/v4-0912-c/runs/confirm-05-R-s67/checkpoints/iter_0000499_hf/model-00001-of-00002.safetensors
494912288	/home/caiyiwen-rewardtxn-results/v4-0912-c/runs/screen-06-LITE-s11/checkpoints/iter_0000499/__0_0.distcp
493621396	/home/caiyiwen-rewardtxn-results/v4-0912-c/runs/screen-06-LITE-s11/checkpoints/iter_0000499/__0_1.distcp
451224120	/home/caiyiwen-rewardtxn-results/v4-0912-c/runs/screen-06-LITE-s11/checkpoints/iter_0000499_hf/model-00002-of-00002.safetensors
536873656	/home/caiyiwen-rewardtxn-results/v4-0912-c/runs/screen-06-LITE-s11/checkpoints/iter_0000499_hf/model-00001-of-00002.safetensors
494912288	/home/caiyiwen-rewardtxn-results/v4-0912-c/runs/screen-11-BOTHM-s23/checkpoints/iter_0000499/__0_0.distcp
493621332	/home/caiyiwen-rewardtxn-results/v4-0912-c/runs/screen-11-BOTHM-s23/checkpoints/iter_0000499/__0_1.distcp
451224120	/home/caiyiwen-rewardtxn-results/v4-0912-c/runs/screen-11-BOTHM-s23/checkpoints/iter_0000499_hf/model-00002-of-00002.safetensors
536873656	/home/caiyiwen-rewardtxn-results/v4-0912-c/runs/screen-11-BOTHM-s23/checkpoints/iter_0000499_hf/model-00001-of-00002.safetensors
494912288	/home/caiyiwen-rewardtxn-results/v4-0912-c/runs/confirm-00-LITE-s47/checkpoints/iter_0000499/__0_0.distcp
493621396	/home/caiyiwen-rewardtxn-results/v4-0912-c/runs/confirm-00-LITE-s47/checkpoints/iter_0000499/__0_1.distcp
536873656	/home/caiyiwen-rewardtxn-results/v4-0912-c/runs/confirm-00-LITE-s47/checkpoints/iter_0000499_hf/model-00001-of-00002.safetensors
451224120	/home/caiyiwen-rewardtxn-results/v4-0912-c/runs/confirm-00-LITE-s47/checkpoints/iter_0000499_hf/model-00002-of-00002.safetensors
536873656	/home/caiyiwen-rewardtxn-results/v4-0912-c/runs/smoke-06-LITE-s11/checkpoints/iter_0000009_hf/model-00001-of-00002.safetensors
451224120	/home/caiyiwen-rewardtxn-results/v4-0912-c/runs/smoke-06-LITE-s11/checkpoints/iter_0000009_hf/model-00002-of-00002.safetensors
494912288	/home/caiyiwen-rewardtxn-results/v4-0912-c/runs/smoke-06-LITE-s11/checkpoints/iter_0000009/__0_0.distcp
493621396	/home/caiyiwen-rewardtxn-results/v4-0912-c/runs/smoke-06-LITE-s11/checkpoints/iter_0000009/__0_1.distcp
494912288	/home/caiyiwen-rewardtxn-results/v4-0912-c/runs/screen-10-LOGM-s23/checkpoints/iter_0000499/__0_0.distcp
493621332	/home/caiyiwen-rewardtxn-results/v4-0912-c/runs/screen-10-LOGM-s23/checkpoints/iter_0000499/__0_1.distcp
451224120	/home/caiyiwen-rewardtxn-results/v4-0912-c/runs/screen-10-LOGM-s23/checkpoints/iter_0000499_hf/model-00002-of-00002.safetensors
536873656	/home/caiyiwen-rewardtxn-results/v4-0912-c/runs/screen-10-LOGM-s23/checkpoints/iter_0000499_hf/model-00001-of-00002.safetensors
536873656	/home/caiyiwen-rewardtxn-results/v4-0912-c/runs/screen-17-LITE-s37/checkpoints/iter_0000499_hf/model-00001-of-00002.safetensors
451224120	/home/caiyiwen-rewardtxn-results/v4-0912-c/runs/screen-17-LITE-s37/checkpoints/iter_0000499_hf/model-00002-of-00002.safetensors
494912288	/home/caiyiwen-rewardtxn-results/v4-0912-c/runs/screen-17-LITE-s37/checkpoints/iter_0000499/__0_0.distcp
493621460	/home/caiyiwen-rewardtxn-results/v4-0912-c/runs/screen-17-LITE-s37/checkpoints/iter_0000499/__0_1.distcp
536873656	/home/caiyiwen-rewardtxn-results/v4-0912-c/runs/confirm-19-R-s149/checkpoints/iter_0000499_hf/model-00001-of-00002.safetensors
451224120	/home/caiyiwen-rewardtxn-results/v4-0912-c/runs/confirm-19-R-s149/checkpoints/iter_0000499_hf/model-00002-of-00002.safetensors
494912288	/home/caiyiwen-rewardtxn-results/v4-0912-c/runs/confirm-19-R-s149/checkpoints/iter_0000499/__0_0.distcp
493621396	/home/caiyiwen-rewardtxn-results/v4-0912-c/runs/confirm-19-R-s149/checkpoints/iter_0000499/__0_1.distcp
494912288	/home/caiyiwen-rewardtxn-results/v4-0912-c/runs/confirm-02-R-s59/checkpoints/iter_0000499/__0_0.distcp
493621460	/home/caiyiwen-rewardtxn-results/v4-0912-c/runs/confirm-02-R-s59/checkpoints/iter_0000499/__0_1.distcp
451224120	/home/caiyiwen-rewardtxn-results/v4-0912-c/runs/confirm-02-R-s59/checkpoints/iter_0000499_hf/model-00002-of-00002.safetensors
536873656	/home/caiyiwen-rewardtxn-results/v4-0912-c/runs/confirm-02-R-s59/checkpoints/iter_0000499_hf/model-00001-of-00002.safetensors
494912288	/home/caiyiwen-rewardtxn-results/v4-0912-c/runs/confirm-08-R-s83/checkpoints/iter_0000499/__0_0.distcp
493621396	/home/caiyiwen-rewardtxn-results/v4-0912-c/runs/confirm-08-R-s83/checkpoints/iter_0000499/__0_1.distcp
451224120	/home/caiyiwen-rewardtxn-results/v4-0912-c/runs/confirm-08-R-s83/checkpoints/iter_0000499_hf/model-00002-of-00002.safetensors
536873656	/home/caiyiwen-rewardtxn-results/v4-0912-c/runs/confirm-08-R-s83/checkpoints/iter_0000499_hf/model-00001-of-00002.safetensors
493621460	/home/caiyiwen-rewardtxn-results/v2-last3-exploratory-20260915b/runs/confirm-00-R-s163/checkpoints/iter_0000149/__0_1.distcp
494912288	/home/caiyiwen-rewardtxn-results/v2-last3-exploratory-20260915b/runs/confirm-00-R-s163/checkpoints/iter_0000049/__0_0.distcp
493621460	/home/caiyiwen-rewardtxn-results/v2-last3-exploratory-20260915b/runs/confirm-00-R-s163/checkpoints/iter_0000049/__0_1.distcp
494912288	/home/caiyiwen-rewardtxn-results/v2-last3-exploratory-20260915b/runs/confirm-00-R-s163/checkpoints/iter_0000149/__0_0.distcp
536873656	/home/caiyiwen-rewardtxn-results/v2-last3-exploratory-20260915b/runs/confirm-00-R-s163/checkpoints/iter_0000099_hf/model-00001-of-00002.safetensors
451224120	/home/caiyiwen-rewardtxn-results/v2-last3-exploratory-20260915b/runs/confirm-00-R-s163/checkpoints/iter_0000099_hf/model-00002-of-00002.safetensors
493621460	/home/caiyiwen-rewardtxn-results/v2-last3-exploratory-20260915b/runs/confirm-00-R-s163/checkpoints/iter_0000449/__0_1.distcp
494912288	/home/caiyiwen-rewardtxn-results/v2-last3-exploratory-20260915b/runs/confirm-00-R-s163/checkpoints/iter_0000449/__0_0.distcp
536873656	/home/caiyiwen-rewardtxn-results/v2-last3-exploratory-20260915b/runs/confirm-00-R-s163/checkpoints/iter_0000399_hf/model-00001-of-00002.safetensors
451224120	/home/caiyiwen-rewardtxn-results/v2-last3-exploratory-20260915b/runs/confirm-00-R-s163/checkpoints/iter_0000399_hf/model-00002-of-00002.safetensors
494912288	/home/caiyiwen-rewardtxn-results/v2-last3-exploratory-20260915b/runs/confirm-00-R-s163/checkpoints/iter_0000099/__0_0.distcp
493621460	/home/caiyiwen-rewardtxn-results/v2-last3-exploratory-20260915b/runs/confirm-00-R-s163/checkpoints/iter_0000099/__0_1.distcp
451224120	/home/caiyiwen-rewardtxn-results/v2-last3-exploratory-20260915b/runs/confirm-00-R-s163/checkpoints/iter_0000299_hf/model-00002-of-00002.safetensors
536873656	/home/caiyiwen-rewardtxn-results/v2-last3-exploratory-20260915b/runs/confirm-00-R-s163/checkpoints/iter_0000299_hf/model-00001-of-00002.safetensors
536873656	/home/caiyiwen-rewardtxn-results/v2-last3-exploratory-20260915b/runs/confirm-00-R-s163/checkpoints/iter_0000349_hf/model-00001-of-00002.safetensors
451224120	/home/caiyiwen-rewardtxn-results/v2-last3-exploratory-20260915b/runs/confirm-00-R-s163/checkpoints/iter_0000349_hf/model-00002-of-00002.safetensors
536873656	/home/caiyiwen-rewardtxn-results/v2-last3-exploratory-20260915b/runs/confirm-00-R-s163/checkpoints/iter_0000049_hf/model-00001-of-00002.safetensors
451224120	/home/caiyiwen-rewardtxn-results/v2-last3-exploratory-20260915b/runs/confirm-00-R-s163/checkpoints/iter_0000049_hf/model-00002-of-00002.safetensors
494912288	/home/caiyiwen-rewardtxn-results/v2-last3-exploratory-20260915b/runs/confirm-00-R-s163/checkpoints/iter_0000399/__0_0.distcp
493621460	/home/caiyiwen-rewardtxn-results/v2-last3-exploratory-20260915b/runs/confirm-00-R-s163/checkpoints/iter_0000399/__0_1.distcp
494912288	/home/caiyiwen-rewardtxn-results/v2-last3-exploratory-20260915b/runs/confirm-00-R-s163/checkpoints/iter_0000199/__0_0.distcp
493621460	/home/caiyiwen-rewardtxn-results/v2-last3-exploratory-20260915b/runs/confirm-00-R-s163/checkpoints/iter_0000199/__0_1.distcp
494912288	/home/caiyiwen-rewardtxn-results/v2-last3-exploratory-20260915b/runs/confirm-00-R-s163/checkpoints/iter_0000349/__0_0.distcp
493621460	/home/caiyiwen-rewardtxn-results/v2-last3-exploratory-20260915b/runs/confirm-00-R-s163/checkpoints/iter_0000349/__0_1.distcp
536873656	/home/caiyiwen-rewardtxn-results/v2-last3-exploratory-20260915b/runs/confirm-00-R-s163/checkpoints/iter_0000249_hf/model-00001-of-00002.safetensors
451224120	/home/caiyiwen-rewardtxn-results/v2-last3-exploratory-20260915b/runs/confirm-00-R-s163/checkpoints/iter_0000249_hf/model-00002-of-00002.safetensors
494912288	/home/caiyiwen-rewardtxn-results/v2-last3-exploratory-20260915b/runs/confirm-00-R-s163/checkpoints/iter_0000499/__0_0.distcp
451224120	/home/caiyiwen-rewardtxn-results/v2-last3-exploratory-20260915b/runs/confirm-00-R-s163/checkpoints/iter_0000449_hf/model-00002-of-00002.safetensors
536873656	/home/caiyiwen-rewardtxn-results/v2-last3-exploratory-20260915b/runs/confirm-00-R-s163/checkpoints/iter_0000449_hf/model-00001-of-00002.safetensors
493621460	/home/caiyiwen-rewardtxn-results/v2-last3-exploratory-20260915b/runs/confirm-00-R-s163/checkpoints/iter_0000499/__0_1.distcp
536873656	/home/caiyiwen-rewardtxn-results/v2-last3-exploratory-20260915b/runs/confirm-00-R-s163/checkpoints/iter_0000499_hf/model-00001-of-00002.safetensors
451224120	/home/caiyiwen-rewardtxn-results/v2-last3-exploratory-20260915b/runs/confirm-00-R-s163/checkpoints/iter_0000499_hf/model-00002-of-00002.safetensors
494912288	/home/caiyiwen-rewardtxn-results/v2-last3-exploratory-20260915b/runs/confirm-00-R-s163/checkpoints/iter_0000299/__0_0.distcp
493621460	/home/caiyiwen-rewardtxn-results/v2-last3-exploratory-20260915b/runs/confirm-00-R-s163/checkpoints/iter_0000299/__0_1.distcp
494912288	/home/caiyiwen-rewardtxn-results/v2-last3-exploratory-20260915b/runs/confirm-00-R-s163/checkpoints/iter_0000249/__0_0.distcp
493621460	/home/caiyiwen-rewardtxn-results/v2-last3-exploratory-20260915b/runs/confirm-00-R-s163/checkpoints/iter_0000249/__0_1.distcp
536873656	/home/caiyiwen-rewardtxn-results/v2-last3-exploratory-20260915b/runs/confirm-00-R-s163/checkpoints/iter_0000199_hf/model-00001-of-00002.safetensors
451224120	/home/caiyiwen-rewardtxn-results/v2-last3-exploratory-20260915b/runs/confirm-00-R-s163/checkpoints/iter_0000199_hf/model-00002-of-00002.safetensors
536873656	/home/caiyiwen-rewardtxn-results/v2-last3-exploratory-20260915b/runs/confirm-00-R-s163/checkpoints/iter_0000149_hf/model-00001-of-00002.safetensors
451224120	/home/caiyiwen-rewardtxn-results/v2-last3-exploratory-20260915b/runs/confirm-00-R-s163/checkpoints/iter_0000149_hf/model-00002-of-00002.safetensors
494912288	/home/caiyiwen-rewardtxn-results/v4-0912-c/runs/screen-07-O-s23/checkpoints/iter_0000499/__0_0.distcp
493621332	/home/caiyiwen-rewardtxn-results/v4-0912-c/runs/screen-07-O-s23/checkpoints/iter_0000499/__0_1.distcp
536873656	/home/caiyiwen-rewardtxn-results/v4-0912-c/runs/screen-07-O-s23/checkpoints/iter_0000499_hf/model-00001-of-00002.safetensors
451224120	/home/caiyiwen-rewardtxn-results/v4-0912-c/runs/screen-07-O-s23/checkpoints/iter_0000499_hf/model-00002-of-00002.safetensors
536873656	/home/caiyiwen-rewardtxn-results/v4-0912-b/runs/smoke-00-O-s11/checkpoints/iter_0000009_hf/model-00001-of-00002.safetensors
451224120	/home/caiyiwen-rewardtxn-results/v4-0912-b/runs/smoke-00-O-s11/checkpoints/iter_0000009_hf/model-00002-of-00002.safetensors
494912288	/home/caiyiwen-rewardtxn-results/v4-0912-b/runs/smoke-00-O-s11/checkpoints/iter_0000009/__0_0.distcp
493621396	/home/caiyiwen-rewardtxn-results/v4-0912-b/runs/smoke-00-O-s11/checkpoints/iter_0000009/__0_1.distcp
494912288	/home/caiyiwen-rewardtxn-results/v2-l3-15e/runs/confirm-01-LITE-s179/checkpoints/iter_0000149/__0_0.distcp
493621396	/home/caiyiwen-rewardtxn-results/v2-l3-15e/runs/confirm-01-LITE-s179/checkpoints/iter_0000149/__0_1.distcp
494912288	/home/caiyiwen-rewardtxn-results/v2-l3-15e/runs/confirm-01-LITE-s179/checkpoints/iter_0000049/__0_0.distcp
493621396	/home/caiyiwen-rewardtxn-results/v2-l3-15e/runs/confirm-01-LITE-s179/checkpoints/iter_0000049/__0_1.distcp
494912288	/home/caiyiwen-rewardtxn-results/v2-l3-15e/runs/confirm-01-LITE-s179/checkpoints/iter_0000399/__0_0.distcp
493621396	/home/caiyiwen-rewardtxn-results/v2-l3-15e/runs/confirm-01-LITE-s179/checkpoints/iter_0000399/__0_1.distcp
536873656	/home/caiyiwen-rewardtxn-results/v2-l3-15e/runs/confirm-01-LITE-s179/checkpoints/iter_0000049_hf/model-00001-of-00002.safetensors
451224120	/home/caiyiwen-rewardtxn-results/v2-l3-15e/runs/confirm-01-LITE-s179/checkpoints/iter_0000049_hf/model-00002-of-00002.safetensors
536873656	/home/caiyiwen-rewardtxn-results/v2-l3-15e/runs/confirm-01-LITE-s179/checkpoints/iter_0000249_hf/model-00001-of-00002.safetensors
494912288	/home/caiyiwen-rewardtxn-results/v2-l3-15e/runs/confirm-01-LITE-s179/checkpoints/iter_0000199/__0_0.distcp
493621396	/home/caiyiwen-rewardtxn-results/v2-l3-15e/runs/confirm-01-LITE-s179/checkpoints/iter_0000199/__0_1.distcp
494912288	/home/caiyiwen-rewardtxn-results/v2-l3-15e/runs/confirm-01-LITE-s179/checkpoints/iter_0000349/__0_0.distcp
493621396	/home/caiyiwen-rewardtxn-results/v2-l3-15e/runs/confirm-01-LITE-s179/checkpoints/iter_0000349/__0_1.distcp
451224120	/home/caiyiwen-rewardtxn-results/v2-l3-15e/runs/confirm-01-LITE-s179/checkpoints/iter_0000249_hf/model-00002-of-00002.safetensors
494912288	/home/caiyiwen-rewardtxn-results/v2-l3-15e/runs/confirm-01-LITE-s179/checkpoints/iter_0000499/__0_0.distcp
493621396	/home/caiyiwen-rewardtxn-results/v2-l3-15e/runs/confirm-01-LITE-s179/checkpoints/iter_0000499/__0_1.distcp
536873656	/home/caiyiwen-rewardtxn-results/v2-l3-15e/runs/confirm-01-LITE-s179/checkpoints/iter_0000449_hf/model-00001-of-00002.safetensors
451224120	/home/caiyiwen-rewardtxn-results/v2-l3-15e/runs/confirm-01-LITE-s179/checkpoints/iter_0000449_hf/model-00002-of-00002.safetensors
536873656	/home/caiyiwen-rewardtxn-results/v2-l3-15e/runs/confirm-01-LITE-s179/checkpoints/iter_0000399_hf/model-00001-of-00002.safetensors
451224120	/home/caiyiwen-rewardtxn-results/v2-l3-15e/runs/confirm-01-LITE-s179/checkpoints/iter_0000399_hf/model-00002-of-00002.safetensors
494912288	/home/caiyiwen-rewardtxn-results/v2-l3-15e/runs/confirm-01-LITE-s179/checkpoints/iter_0000099/__0_0.distcp
493621396	/home/caiyiwen-rewardtxn-results/v2-l3-15e/runs/confirm-01-LITE-s179/checkpoints/iter_0000099/__0_1.distcp
451224120	/home/caiyiwen-rewardtxn-results/v2-l3-15e/runs/confirm-01-LITE-s179/checkpoints/iter_0000299_hf/model-00002-of-00002.safetensors
536873656	/home/caiyiwen-rewardtxn-results/v2-l3-15e/runs/confirm-01-LITE-s179/checkpoints/iter_0000299_hf/model-00001-of-00002.safetensors
494912288	/home/caiyiwen-rewardtxn-results/v2-l3-15e/runs/confirm-01-LITE-s179/checkpoints/iter_0000449/__0_0.distcp
493621396	/home/caiyiwen-rewardtxn-results/v2-l3-15e/runs/confirm-01-LITE-s179/checkpoints/iter_0000449/__0_1.distcp
536873656	/home/caiyiwen-rewardtxn-results/v2-l3-15e/runs/confirm-01-LITE-s179/checkpoints/iter_0000349_hf/model-00001-of-00002.safetensors
451224120	/home/caiyiwen-rewardtxn-results/v2-l3-15e/runs/confirm-01-LITE-s179/checkpoints/iter_0000349_hf/model-00002-of-00002.safetensors
536873656	/home/caiyiwen-rewardtxn-results/v2-l3-15e/runs/confirm-01-LITE-s179/checkpoints/iter_0000099_hf/model-00001-of-00002.safetensors
451224120	/home/caiyiwen-rewardtxn-results/v2-l3-15e/runs/confirm-01-LITE-s179/checkpoints/iter_0000099_hf/model-00002-of-00002.safetensors
536873656	/home/caiyiwen-rewardtxn-results/v2-l3-15e/runs/confirm-01-LITE-s179/checkpoints/iter_0000499_hf/model-00001-of-00002.safetensors
451224120	/home/caiyiwen-rewardtxn-results/v2-l3-15e/runs/confirm-01-LITE-s179/checkpoints/iter_0000499_hf/model-00002-of-00002.safetensors
494912288	/home/caiyiwen-rewardtxn-results/v2-l3-15e/runs/confirm-01-LITE-s179/checkpoints/iter_0000299/__0_0.distcp
493621396	/home/caiyiwen-rewardtxn-results/v2-l3-15e/runs/confirm-01-LITE-s179/checkpoints/iter_0000299/__0_1.distcp
493621396	/home/caiyiwen-rewardtxn-results/v2-l3-15e/runs/confirm-00-R-s179/checkpoints/iter_0000299/__0_1.distcp
494912288	/home/caiyiwen-rewardtxn-results/v2-l3-15e/runs/confirm-00-R-s179/checkpoints/iter_0000249/__0_0.distcp
493621396	/home/caiyiwen-rewardtxn-results/v2-l3-15e/runs/confirm-00-R-s179/checkpoints/iter_0000249/__0_1.distcp
536873656	/home/caiyiwen-rewardtxn-results/v2-l3-15e/runs/confirm-00-R-s179/checkpoints/iter_0000199_hf/model-00001-of-00002.safetensors
536873656	/home/caiyiwen-rewardtxn-results/v2-l3-15e/runs/confirm-01-LITE-s179/checkpoints/iter_0000149_hf/model-00001-of-00002.safetensors
494912288	/home/caiyiwen-rewardtxn-results/v2-l3-15e/runs/confirm-01-LITE-s179/checkpoints/iter_0000249/__0_0.distcp
493621396	/home/caiyiwen-rewardtxn-results/v2-l3-15e/runs/confirm-01-LITE-s179/checkpoints/iter_0000249/__0_1.distcp
451224120	/home/caiyiwen-rewardtxn-results/v2-l3-15e/runs/confirm-01-LITE-s179/checkpoints/iter_0000149_hf/model-00002-of-00002.safetensors
494912288	/home/caiyiwen-rewardtxn-results/v2-l3-15e/runs/confirm-00-R-s179/checkpoints/iter_0000299/__0_0.distcp
451224120	/home/caiyiwen-rewardtxn-results/v2-l3-15e/runs/confirm-00-R-s179/checkpoints/iter_0000199_hf/model-00002-of-00002.safetensors
536873656	/home/caiyiwen-rewardtxn-results/v2-l3-15e/runs/confirm-01-LITE-s179/checkpoints/iter_0000199_hf/model-00001-of-00002.safetensors
451224120	/home/caiyiwen-rewardtxn-results/v2-l3-15e/runs/confirm-01-LITE-s179/checkpoints/iter_0000199_hf/model-00002-of-00002.safetensors
536873656	/home/caiyiwen-rewardtxn-results/v2-l3-15e/runs/confirm-00-R-s179/checkpoints/iter_0000149_hf/model-00001-of-00002.safetensors
494912288	/home/caiyiwen-rewardtxn-results/v2-l3-15e/runs/confirm-00-R-s179/checkpoints/iter_0000199/__0_0.distcp
493621396	/home/caiyiwen-rewardtxn-results/v2-l3-15e/runs/confirm-00-R-s179/checkpoints/iter_0000199/__0_1.distcp
451224120	/home/caiyiwen-rewardtxn-results/v2-l3-15e/runs/confirm-00-R-s179/checkpoints/iter_0000149_hf/model-00002-of-00002.safetensors
536873656	/home/caiyiwen-rewardtxn-results/v2-l3-15e/runs/confirm-00-R-s179/checkpoints/iter_0000499_hf/model-00001-of-00002.safetensors
451224120	/home/caiyiwen-rewardtxn-results/v2-l3-15e/runs/confirm-00-R-s179/checkpoints/iter_0000499_hf/model-00002-of-00002.safetensors
494912288	/home/caiyiwen-rewardtxn-results/v2-l3-15e/runs/confirm-00-R-s179/checkpoints/iter_0000349/__0_0.distcp
493621396	/home/caiyiwen-rewardtxn-results/v2-l3-15e/runs/confirm-00-R-s179/checkpoints/iter_0000349/__0_1.distcp
494912288	/home/caiyiwen-rewardtxn-results/v2-l3-15e/runs/confirm-00-R-s179/checkpoints/iter_0000049/__0_0.distcp
493621396	/home/caiyiwen-rewardtxn-results/v2-l3-15e/runs/confirm-00-R-s179/checkpoints/iter_0000049/__0_1.distcp
493621396	/home/caiyiwen-rewardtxn-results/v2-l3-15e/runs/confirm-00-R-s179/checkpoints/iter_0000499/__0_1.distcp
536873656	/home/caiyiwen-rewardtxn-results/v2-l3-15e/runs/confirm-00-R-s179/checkpoints/iter_0000249_hf/model-00001-of-00002.safetensors
451224120	/home/caiyiwen-rewardtxn-results/v2-l3-15e/runs/confirm-00-R-s179/checkpoints/iter_0000249_hf/model-00002-of-00002.safetensors
494912288	/home/caiyiwen-rewardtxn-results/v2-l3-15e/runs/confirm-00-R-s179/checkpoints/iter_0000499/__0_0.distcp
494912288	/home/caiyiwen-rewardtxn-results/v2-l3-15e/runs/confirm-00-R-s179/checkpoints/iter_0000149/__0_0.distcp
493621396	/home/caiyiwen-rewardtxn-results/v2-l3-15e/runs/confirm-00-R-s179/checkpoints/iter_0000149/__0_1.distcp
536873656	/home/caiyiwen-rewardtxn-results/v2-l3-15e/runs/confirm-00-R-s179/checkpoints/iter_0000049_hf/model-00001-of-00002.safetensors
536873656	/home/caiyiwen-rewardtxn-results/v2-l3-15e/runs/confirm-00-R-s179/checkpoints/iter_0000449_hf/model-00001-of-00002.safetensors
451224120	/home/caiyiwen-rewardtxn-results/v2-l3-15e/runs/confirm-00-R-s179/checkpoints/iter_0000449_hf/model-00002-of-00002.safetensors
493621396	/home/caiyiwen-rewardtxn-results/v2-l3-15e/runs/confirm-00-R-s179/checkpoints/iter_0000399/__0_1.distcp
451224120	/home/caiyiwen-rewardtxn-results/v2-l3-15e/runs/confirm-00-R-s179/checkpoints/iter_0000049_hf/model-00002-of-00002.safetensors
494912288	/home/caiyiwen-rewardtxn-results/v2-l3-15e/runs/confirm-00-R-s179/checkpoints/iter_0000399/__0_0.distcp
494912288	/home/caiyiwen-rewardtxn-results/v2-l3-15e/runs/confirm-00-R-s179/checkpoints/iter_0000449/__0_0.distcp
493621396	/home/caiyiwen-rewardtxn-results/v2-l3-15e/runs/confirm-00-R-s179/checkpoints/iter_0000449/__0_1.distcp
536873656	/home/caiyiwen-rewardtxn-results/v2-l3-15e/runs/confirm-00-R-s179/checkpoints/iter_0000399_hf/model-00001-of-00002.safetensors
451224120	/home/caiyiwen-rewardtxn-results/v2-l3-15e/runs/confirm-00-R-s179/checkpoints/iter_0000399_hf/model-00002-of-00002.safetensors
494912288	/home/caiyiwen-rewardtxn-results/v2-l3-15e/runs/confirm-00-R-s179/checkpoints/iter_0000099/__0_0.distcp
493621396	/home/caiyiwen-rewardtxn-results/v2-l3-15e/runs/confirm-00-R-s179/checkpoints/iter_0000099/__0_1.distcp
451224120	/home/caiyiwen-rewardtxn-results/v2-l3-15e/runs/confirm-00-R-s179/checkpoints/iter_0000099_hf/model-00002-of-00002.safetensors
536873656	/home/caiyiwen-rewardtxn-results/v2-l3-15e/runs/confirm-00-R-s179/checkpoints/iter_0000299_hf/model-00001-of-00002.safetensors
451224120	/home/caiyiwen-rewardtxn-results/v2-l3-15e/runs/confirm-00-R-s179/checkpoints/iter_0000299_hf/model-00002-of-00002.safetensors
536873656	/home/caiyiwen-rewardtxn-results/v2-l3-15e/runs/confirm-00-R-s179/checkpoints/iter_0000099_hf/model-00001-of-00002.safetensors
536873656	/home/caiyiwen-rewardtxn-results/v2-l3-15e/runs/confirm-00-R-s179/checkpoints/iter_0000349_hf/model-00001-of-00002.safetensors
451224120	/home/caiyiwen-rewardtxn-results/v2-l3-15e/runs/confirm-00-R-s179/checkpoints/iter_0000349_hf/model-00002-of-00002.safetensors
6917735465	docs/experiments/rewardtxn-ft-20260916/minimal_evidence/diag-f2-blockingcopy-s419-20260924-a/areal/checkpoints/caiyiwen/rewardtxn-ft-pilot/r-fault-integration/default/recover_checkpoint/__0_0.distcp
6917735465	docs/experiments/rewardtxn-ft-20260916/minimal_evidence/pilot-f2-s419-v2-20260924-a/areal/checkpoints/caiyiwen/rewardtxn-ft-pilot/r-fault-integration/default/recover_checkpoint/__0_0.distcp
6917735465	docs/experiments/rewardtxn-ft-20260916/minimal_evidence/pilot-f2-s419-20260924-a/areal/checkpoints/caiyiwen/rewardtxn-ft-pilot/r-fault-integration/default/recover_checkpoint/__0_0.distcp
